id,code,name,account_type,account_class,parent_id,level,is_vat_applicable,vat_direction,is_active,is_analytical,company_id,created_at,updated_at,supports_quantities,default_unit
46,101,Основен капитал,EQUITY,1,,1,f,NONE,t,f,1,2025-10-19 13:46:04.032775+00,2025-10-19 13:46:04.032775+00,f,
47,102,Основен капитал,EQUITY,1,,1,f,NONE,t,f,1,2025-10-19 13:46:04.032775+00,2025-10-19 13:46:04.032775+00,f,
48,103,Ликвидационен капитал при несъстоятелност и ликвидация,EQUITY,1,,1,f,NONE,t,f,1,2025-10-19 13:46:04.032775+00,2025-10-19 13:46:04.032775+00,f,
49,104,Капитал на предприятия с нестопанска дейност,EQUITY,1,,1,f,NONE,t,f,1,2025-10-19 13:46:04.032775+00,2025-10-19 13:46:04.032775+00,f,
50,105,Премии,EQUITY,1,,1,f,NONE,t,f,1,2025-10-19 13:46:04.032775+00,2025-10-19 13:46:04.032775+00,f,
51,106,Отбиви/сконто/,EQUITY,1,,1,f,NONE,t,f,1,2025-10-19 13:46:04.032775+00,2025-10-19 13:46:04.032775+00,f,
52,111,Общи резерви,EQUITY,1,,1,f,NONE,t,f,1,2025-10-19 13:46:04.032775+00,2025-10-19 13:46:04.032775+00,f,
53,112,Резерви от последваща оценка на дълготрайни активи,EQUITY,1,,1,f,NONE,t,f,1,2025-10-19 13:46:04.032775+00,2025-10-19 13:46:04.032775+00,f,
54,113,Резерви от последваща оценка на краткотрайни активи,EQUITY,1,,1,f,NONE,t,f,1,2025-10-19 13:46:04.032775+00,2025-10-19 13:46:04.032775+00,f,
55,114,Резерви от последваща оценка на финансови инструменти,EQUITY,1,,1,f,NONE,t,f,1,2025-10-19 13:46:04.032775+00,2025-10-19 13:46:04.032775+00,f,
56,115,Резерви от емисия на акции,EQUITY,1,,1,f,NONE,t,f,1,2025-10-19 13:46:04.032775+00,2025-10-19 13:46:04.032775+00,f,
57,119,Други резерви,EQUITY,1,,1,f,NONE,t,f,1,2025-10-19 13:46:04.032775+00,2025-10-19 13:46:04.032775+00,f,
58,121,Непокрита загуба от минали години,EQUITY,1,,1,f,NONE,t,f,1,2025-10-19 13:46:04.032775+00,2025-10-19 13:46:04.032775+00,f,
59,122,Неразпределена печалба от минали години,EQUITY,1,,1,f,NONE,t,f,1,2025-10-19 13:46:04.032775+00,2025-10-19 13:46:04.032775+00,f,
60,123,Печалби и загуби от текущата година,EQUITY,1,,1,f,NONE,t,f,1,2025-10-19 13:46:04.032775+00,2025-10-19 13:46:04.032775+00,f,
61,124,Резултати при несъстоятелност и ликвидация,EQUITY,1,,1,f,NONE,t,f,1,2025-10-19 13:46:04.032775+00,2025-10-19 13:46:04.032775+00,f,
62,125,Резултат от дейността на предприятия с нестопанска цел,EQUITY,1,,1,f,NONE,t,f,1,2025-10-19 13:46:04.032775+00,2025-10-19 13:46:04.032775+00,f,
63,131,Резерви за животозастраховане,EQUITY,1,,1,f,NONE,t,f,1,2025-10-19 13:46:04.032775+00,2025-10-19 13:46:04.032775+00,f,
64,132,Пренос-премийни резерви,EQUITY,1,,1,f,NONE,t,f,1,2025-10-19 13:46:04.032775+00,2025-10-19 13:46:04.032775+00,f,
65,133,Резерви на предстоящи плащания,EQUITY,1,,1,f,NONE,t,f,1,2025-10-19 13:46:04.032775+00,2025-10-19 13:46:04.032775+00,f,
66,134,Резерви за запасен фонд,EQUITY,1,,1,f,NONE,t,f,1,2025-10-19 13:46:04.032775+00,2025-10-19 13:46:04.032775+00,f,
67,135,Резерви за презастраховане,EQUITY,1,,1,f,NONE,t,f,1,2025-10-19 13:46:04.032775+00,2025-10-19 13:46:04.032775+00,f,
68,136,Други резерви по застрахователни договори,EQUITY,1,,1,f,NONE,t,f,1,2025-10-19 13:46:04.032775+00,2025-10-19 13:46:04.032775+00,f,
69,137,Резерви на инвестиционни дружества,EQUITY,1,,1,f,NONE,t,f,1,2025-10-19 13:46:04.032775+00,2025-10-19 13:46:04.032775+00,f,
70,138,Резерви на пенсионни дружества,EQUITY,1,,1,f,NONE,t,f,1,2025-10-19 13:46:04.032775+00,2025-10-19 13:46:04.032775+00,f,
71,141,Банкноти за обращение,EQUITY,1,,1,f,NONE,t,f,1,2025-10-19 13:46:04.032775+00,2025-10-19 13:46:04.032775+00,f,
72,142,Монети за обращение,EQUITY,1,,1,f,NONE,t,f,1,2025-10-19 13:46:04.032775+00,2025-10-19 13:46:04.032775+00,f,
73,151,Получени краткосрочни заеми,EQUITY,1,,1,f,NONE,t,f,1,2025-10-19 13:46:04.032775+00,2025-10-19 13:46:04.032775+00,f,
74,152,Получени дългосрочни заеми,EQUITY,1,,1,f,NONE,t,f,1,2025-10-19 13:46:04.032775+00,2025-10-19 13:46:04.032775+00,f,
75,153,Дългови инструменти,EQUITY,1,,1,f,NONE,t,f,1,2025-10-19 13:46:04.032775+00,2025-10-19 13:46:04.032775+00,f,
76,159,Други заеми и дългове,EQUITY,1,,1,f,NONE,t,f,1,2025-10-19 13:46:04.032775+00,2025-10-19 13:46:04.032775+00,f,
77,161,Привлечени средства по депозитни сметки на банки и други финансови институции,EQUITY,1,,1,f,NONE,t,f,1,2025-10-19 13:46:04.032775+00,2025-10-19 13:46:04.032775+00,f,
78,162,Привлечени средства по депозитни сметки на нефинансови предприятия и други клиенти,EQUITY,1,,1,f,NONE,t,f,1,2025-10-19 13:46:04.032775+00,2025-10-19 13:46:04.032775+00,f,
79,171,Привлечени средства по разплащателни сметки на банки и други финансови институции,EQUITY,1,,1,f,NONE,t,f,1,2025-10-19 13:46:04.032775+00,2025-10-19 13:46:04.032775+00,f,
80,172,Привлечени средства по разплащателни сметки на нефинансови предприятия и други клиенти,EQUITY,1,,1,f,NONE,t,f,1,2025-10-19 13:46:04.032775+00,2025-10-19 13:46:04.032775+00,f,
81,173,Привлечени средства по специални сметки,EQUITY,1,,1,f,NONE,t,f,1,2025-10-19 13:46:04.032775+00,2025-10-19 13:46:04.032775+00,f,
82,174,Привлечени средства по влогови сметки,EQUITY,1,,1,f,NONE,t,f,1,2025-10-19 13:46:04.032775+00,2025-10-19 13:46:04.032775+00,f,
83,179,Привлечени средства по други сметки,EQUITY,1,,1,f,NONE,t,f,1,2025-10-19 13:46:04.032775+00,2025-10-19 13:46:04.032775+00,f,
84,181,Привлечени средства по сметки на участници в пенсионното осигуряване,EQUITY,1,,1,f,NONE,t,f,1,2025-10-19 13:46:04.032775+00,2025-10-19 13:46:04.032775+00,f,
85,182,Привлечени средства по сметки на участници в здравното осигуряване,EQUITY,1,,1,f,NONE,t,f,1,2025-10-19 13:46:04.032775+00,2025-10-19 13:46:04.032775+00,f,
86,189,Привлечени средства по сметки на участници в други осигурителни фондове,EQUITY,1,,1,f,NONE,t,f,1,2025-10-19 13:46:04.032775+00,2025-10-19 13:46:04.032775+00,f,
87,191,Премии,EQUITY,1,,1,f,NONE,t,f,1,2025-10-19 13:46:04.032775+00,2025-10-19 13:46:04.032775+00,f,
88,192,Сконто от финансови инструменти,EQUITY,1,,1,f,NONE,t,f,1,2025-10-19 13:46:04.032775+00,2025-10-19 13:46:04.032775+00,f,
89,201,Земи/терени,ASSET,2,,1,f,NONE,t,f,1,2025-10-19 13:46:04.032775+00,2025-10-19 13:46:04.032775+00,f,
90,202,Подобрения върху земите,ASSET,2,,1,f,NONE,t,f,1,2025-10-19 13:46:04.032775+00,2025-10-19 13:46:04.032775+00,f,
91,203,Сгради и конструкции,ASSET,2,,1,f,NONE,t,f,1,2025-10-19 13:46:04.032775+00,2025-10-19 13:46:04.032775+00,f,
92,204,Компютърна техника,ASSET,2,,1,f,NONE,t,f,1,2025-10-19 13:46:04.032775+00,2025-10-19 13:46:04.032775+00,f,
93,205,Съоръжения,ASSET,2,,1,f,NONE,t,f,1,2025-10-19 13:46:04.032775+00,2025-10-19 13:46:04.032775+00,f,
94,206,Машини и оборудване,ASSET,2,,1,f,NONE,t,f,1,2025-10-19 13:46:04.032775+00,2025-10-19 13:46:04.032775+00,f,
95,207,Транспортни средства,ASSET,2,,1,f,NONE,t,f,1,2025-10-19 13:46:04.032775+00,2025-10-19 13:46:04.032775+00,f,
96,208,Офис обзавеждане,ASSET,2,,1,f,NONE,t,f,1,2025-10-19 13:46:04.032775+00,2025-10-19 13:46:04.032775+00,f,
97,209,Други дълготрайни материални активи,ASSET,2,,1,f,NONE,t,f,1,2025-10-19 13:46:04.032775+00,2025-10-19 13:46:04.032775+00,f,
98,211,Продукти от развойна дейност,ASSET,2,,1,f,NONE,t,f,1,2025-10-19 13:46:04.032775+00,2025-10-19 13:46:04.032775+00,f,
99,212,Програмни продукти,ASSET,2,,1,f,NONE,t,f,1,2025-10-19 13:46:04.032775+00,2025-10-19 13:46:04.032775+00,f,
100,213,Права върху интелектуална собственост,ASSET,2,,1,f,NONE,t,f,1,2025-10-19 13:46:04.032775+00,2025-10-19 13:46:04.032775+00,f,
101,214,Права върху индустриална собственост,ASSET,2,,1,f,NONE,t,f,1,2025-10-19 13:46:04.032775+00,2025-10-19 13:46:04.032775+00,f,
102,219,Други дълготрайни нематериални активи,ASSET,2,,1,f,NONE,t,f,1,2025-10-19 13:46:04.032775+00,2025-10-19 13:46:04.032775+00,f,
103,221,Инвестиции в дъщерни предприятия,ASSET,2,,1,f,NONE,t,f,1,2025-10-19 13:46:04.032775+00,2025-10-19 13:46:04.032775+00,f,
104,222,Инвестиции в асоциирани предприятия,ASSET,2,,1,f,NONE,t,f,1,2025-10-19 13:46:04.032775+00,2025-10-19 13:46:04.032775+00,f,
105,223,Инвестиции в смесени предприятия,ASSET,2,,1,f,NONE,t,f,1,2025-10-19 13:46:04.032775+00,2025-10-19 13:46:04.032775+00,f,
106,224,Инвестиционни имоти,ASSET,2,,1,f,NONE,t,f,1,2025-10-19 13:46:04.032775+00,2025-10-19 13:46:04.032775+00,f,
107,225,Финансови активи,ASSET,2,,1,f,NONE,t,f,1,2025-10-19 13:46:04.032775+00,2025-10-19 13:46:04.032775+00,f,
108,226,Финансови активи,ASSET,2,,1,f,NONE,t,f,1,2025-10-19 13:46:04.032775+00,2025-10-19 13:46:04.032775+00,f,
109,227,Финансови активи,ASSET,2,,1,f,NONE,t,f,1,2025-10-19 13:46:04.032775+00,2025-10-19 13:46:04.032775+00,f,
110,228,Държавни ценни книжа,ASSET,2,,1,f,NONE,t,f,1,2025-10-19 13:46:04.032775+00,2025-10-19 13:46:04.032775+00,f,
111,229,Други дългосрочни финансови активи,ASSET,2,,1,f,NONE,t,f,1,2025-10-19 13:46:04.032775+00,2025-10-19 13:46:04.032775+00,f,
112,231,Положителна търговска репутация,ASSET,2,,1,f,NONE,t,f,1,2025-10-19 13:46:04.032775+00,2025-10-19 13:46:04.032775+00,f,
113,232,Отрицателна търговска репутация,ASSET,2,,1,f,NONE,t,f,1,2025-10-19 13:46:04.032775+00,2025-10-19 13:46:04.032775+00,f,
114,241,Амортизация на дълготрайни материални активи,ASSET,2,,1,f,NONE,t,f,1,2025-10-19 13:46:04.032775+00,2025-10-19 13:46:04.032775+00,f,
115,242,Амортизация на дълготрайни нематериални активи,ASSET,2,,1,f,NONE,t,f,1,2025-10-19 13:46:04.032775+00,2025-10-19 13:46:04.032775+00,f,
116,261,Дългосрочни вземания и предоставени заеми на банки и други финансови институции,ASSET,2,,1,f,NONE,t,f,1,2025-10-19 13:46:04.032775+00,2025-10-19 13:46:04.032775+00,f,
117,262,Дългосрочни вземания и предоставени заеми на нефинансови предприятия и други клиенти,ASSET,2,,1,f,NONE,t,f,1,2025-10-19 13:46:04.032775+00,2025-10-19 13:46:04.032775+00,f,
118,263,Просрочени дългосрочни вземания и предоставени заеми,ASSET,2,,1,f,NONE,t,f,1,2025-10-19 13:46:04.032775+00,2025-10-19 13:46:04.032775+00,f,
119,264,Дългосрочни вземания и предоставени заеми,ASSET,2,,1,f,NONE,t,f,1,2025-10-19 13:46:04.032775+00,2025-10-19 13:46:04.032775+00,f,
120,269,Други дългосрочни вземания и предоставени заеми,ASSET,2,,1,f,NONE,t,f,1,2025-10-19 13:46:04.032775+00,2025-10-19 13:46:04.032775+00,f,
121,271,Гори,ASSET,2,,1,f,NONE,t,f,1,2025-10-19 13:46:04.032775+00,2025-10-19 13:46:04.032775+00,f,
122,272,Трайни насъждения-плододаващи,ASSET,2,,1,f,NONE,t,f,1,2025-10-19 13:46:04.032775+00,2025-10-19 13:46:04.032775+00,f,
123,273,Трайни насъждения-неплододаващи,ASSET,2,,1,f,NONE,t,f,1,2025-10-19 13:46:04.032775+00,2025-10-19 13:46:04.032775+00,f,
124,274,Животни в основни стада,ASSET,2,,1,f,NONE,t,f,1,2025-10-19 13:46:04.032775+00,2025-10-19 13:46:04.032775+00,f,
125,279,Други дълготрайни биологични активи,ASSET,2,,1,f,NONE,t,f,1,2025-10-19 13:46:04.032775+00,2025-10-19 13:46:04.032775+00,f,
126,301,Доставки,ASSET,3,,1,f,NONE,t,f,1,2025-10-19 13:46:04.032775+00,2025-10-19 13:46:04.032775+00,f,
127,302,Материали,ASSET,3,,1,t,BOTH,t,f,1,2025-10-19 13:46:04.032775+00,2025-10-19 13:46:04.032775+00,f,
128,303,Продукция,ASSET,3,,1,f,NONE,t,f,1,2025-10-19 13:46:04.032775+00,2025-10-19 13:46:04.032775+00,f,
129,304,Стоки,ASSET,3,,1,t,BOTH,t,f,1,2025-10-19 13:46:04.032775+00,2025-10-19 13:46:04.032775+00,f,
130,311,Дребни продуктивни животни,ASSET,3,,1,f,NONE,t,f,1,2025-10-19 13:46:04.032775+00,2025-10-19 13:46:04.032775+00,f,
131,312,Птици-основни стада,ASSET,3,,1,f,NONE,t,f,1,2025-10-19 13:46:04.032775+00,2025-10-19 13:46:04.032775+00,f,
132,313,Пчелни семейства,ASSET,3,,1,f,NONE,t,f,1,2025-10-19 13:46:04.032775+00,2025-10-19 13:46:04.032775+00,f,
133,314,Млади животни,ASSET,3,,1,f,NONE,t,f,1,2025-10-19 13:46:04.032775+00,2025-10-19 13:46:04.032775+00,f,
134,315,Животни за угояване,ASSET,3,,1,f,NONE,t,f,1,2025-10-19 13:46:04.032775+00,2025-10-19 13:46:04.032775+00,f,
135,316,Животни за експериментални цели,ASSET,3,,1,f,NONE,t,f,1,2025-10-19 13:46:04.032775+00,2025-10-19 13:46:04.032775+00,f,
136,319,Други краткотрайни биологични активи,ASSET,3,,1,f,NONE,t,f,1,2025-10-19 13:46:04.032775+00,2025-10-19 13:46:04.032775+00,f,
137,401,Доставчици,LIABILITY,4,,1,t,INPUT,t,f,1,2025-10-19 13:46:04.032775+00,2025-10-19 13:46:04.032775+00,f,
138,402,Доставчици по аванси,LIABILITY,4,,1,f,NONE,t,f,1,2025-10-19 13:46:04.032775+00,2025-10-19 13:46:04.032775+00,f,
139,403,Доставчици по търговски кредити,LIABILITY,4,,1,f,NONE,t,f,1,2025-10-19 13:46:04.032775+00,2025-10-19 13:46:04.032775+00,f,
140,404,Доставчици по доставки при определени условия,LIABILITY,4,,1,f,NONE,t,f,1,2025-10-19 13:46:04.032775+00,2025-10-19 13:46:04.032775+00,f,
141,405,Доставчици по доставки със свързани лица,LIABILITY,4,,1,f,NONE,t,f,1,2025-10-19 13:46:04.032775+00,2025-10-19 13:46:04.032775+00,f,
142,409,Други разчети с доставчици,LIABILITY,4,,1,f,NONE,t,f,1,2025-10-19 13:46:04.032775+00,2025-10-19 13:46:04.032775+00,f,
143,411,Клиенти,LIABILITY,4,,1,t,OUTPUT,t,f,1,2025-10-19 13:46:04.032775+00,2025-10-19 13:46:04.032775+00,f,
144,412,Клиенти по аванси,LIABILITY,4,,1,f,NONE,t,f,1,2025-10-19 13:46:04.032775+00,2025-10-19 13:46:04.032775+00,f,
145,413,Клиенти по търговски кредити,LIABILITY,4,,1,f,NONE,t,f,1,2025-10-19 13:46:04.032775+00,2025-10-19 13:46:04.032775+00,f,
146,414,Клиенти по продажби при определени условия,LIABILITY,4,,1,f,NONE,t,f,1,2025-10-19 13:46:04.032775+00,2025-10-19 13:46:04.032775+00,f,
147,415,Клиенти по продажби със свързани лица,LIABILITY,4,,1,f,NONE,t,f,1,2025-10-19 13:46:04.032775+00,2025-10-19 13:46:04.032775+00,f,
148,419,Други разчети с клиенти,LIABILITY,4,,1,f,NONE,t,f,1,2025-10-19 13:46:04.032775+00,2025-10-19 13:46:04.032775+00,f,
149,421,Персонал,LIABILITY,4,,1,f,NONE,t,f,1,2025-10-19 13:46:04.032775+00,2025-10-19 13:46:04.032775+00,f,
150,422,Подотчетни лица,LIABILITY,4,,1,f,NONE,t,f,1,2025-10-19 13:46:04.032775+00,2025-10-19 13:46:04.032775+00,f,
151,423,Задължения по неизползвани отпуски,LIABILITY,4,,1,f,NONE,t,f,1,2025-10-19 13:46:04.032775+00,2025-10-19 13:46:04.032775+00,f,
152,424,Вземания от съучастия,LIABILITY,4,,1,f,NONE,t,f,1,2025-10-19 13:46:04.032775+00,2025-10-19 13:46:04.032775+00,f,
153,425,Задължения за съучастия,LIABILITY,4,,1,f,NONE,t,f,1,2025-10-19 13:46:04.032775+00,2025-10-19 13:46:04.032775+00,f,
154,426,Вземания по записани дялови вноски,LIABILITY,4,,1,f,NONE,t,f,1,2025-10-19 13:46:04.032775+00,2025-10-19 13:46:04.032775+00,f,
155,429,Други разчети с персонала и съдружниците,LIABILITY,4,,1,f,NONE,t,f,1,2025-10-19 13:46:04.032775+00,2025-10-19 13:46:04.032775+00,f,
156,441,Вземания по рекламации,LIABILITY,4,,1,f,NONE,t,f,1,2025-10-19 13:46:04.032775+00,2025-10-19 13:46:04.032775+00,f,
157,442,Вземания по липси и начети,LIABILITY,4,,1,f,NONE,t,f,1,2025-10-19 13:46:04.032775+00,2025-10-19 13:46:04.032775+00,f,
158,443,Ценови разлики по липси и начети,LIABILITY,4,,1,f,NONE,t,f,1,2025-10-19 13:46:04.032775+00,2025-10-19 13:46:04.032775+00,f,
159,444,Вземания по съдебни спорове,LIABILITY,4,,1,f,NONE,t,f,1,2025-10-19 13:46:04.032775+00,2025-10-19 13:46:04.032775+00,f,
160,445,Присъдени вземания,LIABILITY,4,,1,f,NONE,t,f,1,2025-10-19 13:46:04.032775+00,2025-10-19 13:46:04.032775+00,f,
161,451,Разчети с общините,LIABILITY,4,,1,f,NONE,t,f,1,2025-10-19 13:46:04.032775+00,2025-10-19 13:46:04.032775+00,f,
162,452,Разчети за данък върху печалбата,LIABILITY,4,,1,f,NONE,t,f,1,2025-10-19 13:46:04.032775+00,2025-10-19 13:46:04.032775+00,f,
163,453,Разчети за данък върху добавената стойност,LIABILITY,4,,1,t,BOTH,t,f,1,2025-10-19 13:46:04.032775+00,2025-10-19 13:46:04.032775+00,f,
262,4531,ДДС за покупки,LIABILITY,4,163,2,t,BOTH,t,t,1,2025-10-19 13:46:04.032775+00,2025-10-19 13:46:04.032775+00,f,
263,4532,ДДС за Продажи,LIABILITY,4,163,2,t,BOTH,t,t,1,2025-10-19 13:46:04.032775+00,2025-10-19 13:46:04.032775+00,f,
264,4533,ДДС при ВОП,LIABILITY,4,163,2,t,BOTH,t,t,1,2025-10-19 13:46:04.032775+00,2025-10-19 13:46:04.032775+00,f,
265,4538,ДДС за възтановяване,LIABILITY,4,163,2,t,BOTH,t,t,1,2025-10-19 13:46:04.032775+00,2025-10-19 13:46:04.032775+00,f,
266,4539,ДДС за внасяне,LIABILITY,4,163,2,t,BOTH,t,t,1,2025-10-19 13:46:04.032775+00,2025-10-19 13:46:04.032775+00,f,
164,454,Разчети за данъци върху доходи на физически лица,LIABILITY,4,,1,f,NONE,t,f,1,2025-10-19 13:46:04.032775+00,2025-10-19 13:46:04.032775+00,f,
165,455,Разчети по социално осигуряване,LIABILITY,4,,1,f,NONE,t,f,1,2025-10-19 13:46:04.032775+00,2025-10-19 13:46:04.032775+00,f,
166,456,Разчети за акцизи,LIABILITY,4,,1,f,NONE,t,f,1,2025-10-19 13:46:04.032775+00,2025-10-19 13:46:04.032775+00,f,
167,457,Разчети с митници,LIABILITY,4,,1,f,NONE,t,f,1,2025-10-19 13:46:04.032775+00,2025-10-19 13:46:04.032775+00,f,
168,459,Други разчети с бюджета и с ведомства,LIABILITY,4,,1,f,NONE,t,f,1,2025-10-19 13:46:04.032775+00,2025-10-19 13:46:04.032775+00,f,
169,460,Вътрешни разчети,LIABILITY,4,,1,f,NONE,t,f,1,2025-10-19 13:46:04.032775+00,2025-10-19 13:46:04.032775+00,f,
170,461,Националния осигурителен институт,LIABILITY,4,,1,f,NONE,t,f,1,2025-10-19 13:46:04.032775+00,2025-10-19 13:46:04.032775+00,f,
171,471,Разчети с международния валутен фонд,LIABILITY,4,,1,f,NONE,t,f,1,2025-10-19 13:46:04.032775+00,2025-10-19 13:46:04.032775+00,f,
172,472,Разчети със световната банка,LIABILITY,4,,1,f,NONE,t,f,1,2025-10-19 13:46:04.032775+00,2025-10-19 13:46:04.032775+00,f,
173,473,Разчети с други международни финансови институции,LIABILITY,4,,1,f,NONE,t,f,1,2025-10-19 13:46:04.032775+00,2025-10-19 13:46:04.032775+00,f,
174,474,Разчети по междуправителствени спогодби,LIABILITY,4,,1,f,NONE,t,f,1,2025-10-19 13:46:04.032775+00,2025-10-19 13:46:04.032775+00,f,
175,481,Разчети по предсоящи плащания,LIABILITY,4,,1,f,NONE,t,f,1,2025-10-19 13:46:04.032775+00,2025-10-19 13:46:04.032775+00,f,
176,482,Разчети при презастраховане и съзастраховане,LIABILITY,4,,1,f,NONE,t,f,1,2025-10-19 13:46:04.032775+00,2025-10-19 13:46:04.032775+00,f,
177,483,Разчети с презастрахователи,LIABILITY,4,,1,f,NONE,t,f,1,2025-10-19 13:46:04.032775+00,2025-10-19 13:46:04.032775+00,f,
178,484,Разчети със седанти,LIABILITY,4,,1,f,NONE,t,f,1,2025-10-19 13:46:04.032775+00,2025-10-19 13:46:04.032775+00,f,
179,489,Други разчети,LIABILITY,4,,1,f,NONE,t,f,1,2025-10-19 13:46:04.032775+00,2025-10-19 13:46:04.032775+00,f,
180,491,Доверители,LIABILITY,4,,1,f,NONE,t,f,1,2025-10-19 13:46:04.032775+00,2025-10-19 13:46:04.032775+00,f,
181,492,Разчети за гаранции,LIABILITY,4,,1,f,NONE,t,f,1,2025-10-19 13:46:04.032775+00,2025-10-19 13:46:04.032775+00,f,
182,493,Разчети за такси,LIABILITY,4,,1,f,NONE,t,f,1,2025-10-19 13:46:04.032775+00,2025-10-19 13:46:04.032775+00,f,
183,494,Провизии,LIABILITY,4,,1,f,NONE,t,f,1,2025-10-19 13:46:04.032775+00,2025-10-19 13:46:04.032775+00,f,
184,495,Разчети по застраховане,LIABILITY,4,,1,f,NONE,t,f,1,2025-10-19 13:46:04.032775+00,2025-10-19 13:46:04.032775+00,f,
185,496,Разчети по лихви,LIABILITY,4,,1,f,NONE,t,f,1,2025-10-19 13:46:04.032775+00,2025-10-19 13:46:04.032775+00,f,
186,497,Разчети по данъчни временни разлики,LIABILITY,4,,1,f,NONE,t,f,1,2025-10-19 13:46:04.032775+00,2025-10-19 13:46:04.032775+00,f,
187,498,Други дебитори,LIABILITY,4,,1,f,NONE,t,f,1,2025-10-19 13:46:04.032775+00,2025-10-19 13:46:04.032775+00,f,
188,499,Други кредитори,LIABILITY,4,,1,f,NONE,t,f,1,2025-10-19 13:46:04.032775+00,2025-10-19 13:46:04.032775+00,f,
189,501,Каса в левове,ASSET,5,,1,f,NONE,t,f,1,2025-10-19 13:46:04.032775+00,2025-10-19 13:46:04.032775+00,f,
190,502,Каса във валута,ASSET,5,,1,f,NONE,t,f,1,2025-10-19 13:46:04.032775+00,2025-10-19 13:46:04.032775+00,f,
191,503,Разплащателна сметка във левове,ASSET,5,,1,f,NONE,t,f,1,2025-10-19 13:46:04.032775+00,2025-10-19 13:46:04.032775+00,f,
192,504,Разплащателна сметка във валута,ASSET,5,,1,f,NONE,t,f,1,2025-10-19 13:46:04.032775+00,2025-10-19 13:46:04.032775+00,f,
193,505,Акредитиви в левове,ASSET,5,,1,f,NONE,t,f,1,2025-10-19 13:46:04.032775+00,2025-10-19 13:46:04.032775+00,f,
194,506,Акредитиви във валута,ASSET,5,,1,f,NONE,t,f,1,2025-10-19 13:46:04.032775+00,2025-10-19 13:46:04.032775+00,f,
195,507,Предоставени депозити,ASSET,5,,1,f,NONE,t,f,1,2025-10-19 13:46:04.032775+00,2025-10-19 13:46:04.032775+00,f,
196,508,Разплащателни чекове,ASSET,5,,1,f,NONE,t,f,1,2025-10-19 13:46:04.032775+00,2025-10-19 13:46:04.032775+00,f,
197,509,Други парични средства,ASSET,5,,1,f,NONE,t,f,1,2025-10-19 13:46:04.032775+00,2025-10-19 13:46:04.032775+00,f,
198,511,Финансови активи,ASSET,5,,1,f,NONE,t,f,1,2025-10-19 13:46:04.032775+00,2025-10-19 13:46:04.032775+00,f,
199,512,Изкупени собствени акции,ASSET,5,,1,f,NONE,t,f,1,2025-10-19 13:46:04.032775+00,2025-10-19 13:46:04.032775+00,f,
200,513,Финансови активи,ASSET,5,,1,f,NONE,t,f,1,2025-10-19 13:46:04.032775+00,2025-10-19 13:46:04.032775+00,f,
201,514,Изкупени собствени облигации,ASSET,5,,1,f,NONE,t,f,1,2025-10-19 13:46:04.032775+00,2025-10-19 13:46:04.032775+00,f,
202,515,Държавни ценни книжа,ASSET,5,,1,f,NONE,t,f,1,2025-10-19 13:46:04.032775+00,2025-10-19 13:46:04.032775+00,f,
203,516,Благородни метали и акъпоценни камъни,ASSET,5,,1,f,NONE,t,f,1,2025-10-19 13:46:04.032775+00,2025-10-19 13:46:04.032775+00,f,
204,519,Други краткосрочни финансови активи,ASSET,5,,1,f,NONE,t,f,1,2025-10-19 13:46:04.032775+00,2025-10-19 13:46:04.032775+00,f,
205,521,Краткосрочни вземания и заеми от банки и други финансови институции,ASSET,5,,1,f,NONE,t,f,1,2025-10-19 13:46:04.032775+00,2025-10-19 13:46:04.032775+00,f,
206,522,Краткосрочни вземания и заеми от нефинансови предприятия и други клиенти,ASSET,5,,1,f,NONE,t,f,1,2025-10-19 13:46:04.032775+00,2025-10-19 13:46:04.032775+00,f,
207,523,Краткосрочни вземания и заеми заложени,ASSET,5,,1,f,NONE,t,f,1,2025-10-19 13:46:04.032775+00,2025-10-19 13:46:04.032775+00,f,
208,524,Просрочени краткосрочни вземания и заеми,ASSET,5,,1,f,NONE,t,f,1,2025-10-19 13:46:04.032775+00,2025-10-19 13:46:04.032775+00,f,
209,529,Други краткосрочни вземания и заеми,ASSET,5,,1,f,NONE,t,f,1,2025-10-19 13:46:04.032775+00,2025-10-19 13:46:04.032775+00,f,
210,601,Разходи за материали,EXPENSE,6,,1,f,NONE,t,f,1,2025-10-19 13:46:04.032775+00,2025-10-19 13:46:04.032775+00,f,
211,602,Разходи за външни услуги,EXPENSE,6,,1,f,NONE,t,f,1,2025-10-19 13:46:04.032775+00,2025-10-19 13:46:04.032775+00,f,
212,603,Разходи за амортизация,EXPENSE,6,,1,f,NONE,t,f,1,2025-10-19 13:46:04.032775+00,2025-10-19 13:46:04.032775+00,f,
213,604,Разходи за заплати /възнаграждения/,EXPENSE,6,,1,f,NONE,t,f,1,2025-10-19 13:46:04.032775+00,2025-10-19 13:46:04.032775+00,f,
214,605,Разходи за осигуровки,EXPENSE,6,,1,f,NONE,t,f,1,2025-10-19 13:46:04.032775+00,2025-10-19 13:46:04.032775+00,f,
215,606,Разходи за данъци,EXPENSE,6,,1,f,NONE,t,f,1,2025-10-19 13:46:04.032775+00,2025-10-19 13:46:04.032775+00,f,
216,607,Разходи за провизии,EXPENSE,6,,1,f,NONE,t,f,1,2025-10-19 13:46:04.032775+00,2025-10-19 13:46:04.032775+00,f,
217,608,Разходи от последващи оценки на активи,EXPENSE,6,,1,f,NONE,t,f,1,2025-10-19 13:46:04.032775+00,2025-10-19 13:46:04.032775+00,f,
218,609,Други разходи,EXPENSE,6,,1,f,NONE,t,f,1,2025-10-19 13:46:04.032775+00,2025-10-19 13:46:04.032775+00,f,
219,611,Разходи за основна дейност,EXPENSE,6,,1,f,NONE,t,f,1,2025-10-19 13:46:04.032775+00,2025-10-19 13:46:04.032775+00,f,
220,612,Разходи за спомагателна дейност,EXPENSE,6,,1,f,NONE,t,f,1,2025-10-19 13:46:04.032775+00,2025-10-19 13:46:04.032775+00,f,
221,613,Разходи за придобиване на дълготрайни активи,EXPENSE,6,,1,f,NONE,t,f,1,2025-10-19 13:46:04.032775+00,2025-10-19 13:46:04.032775+00,f,
222,614,Административни разходи,EXPENSE,6,,1,f,NONE,t,f,1,2025-10-19 13:46:04.032775+00,2025-10-19 13:46:04.032775+00,f,
223,615,Разходи за продажба,EXPENSE,6,,1,f,NONE,t,f,1,2025-10-19 13:46:04.032775+00,2025-10-19 13:46:04.032775+00,f,
224,616,Разходи за ликвидация на дълготрайни материални активи,EXPENSE,6,,1,f,NONE,t,f,1,2025-10-19 13:46:04.032775+00,2025-10-19 13:46:04.032775+00,f,
225,617,Разходи по дейности в предприятия с нестопанска дейност,EXPENSE,6,,1,f,NONE,t,f,1,2025-10-19 13:46:04.032775+00,2025-10-19 13:46:04.032775+00,f,
226,618,Разходи при ликвидация и несъстоятелност,EXPENSE,6,,1,f,NONE,t,f,1,2025-10-19 13:46:04.032775+00,2025-10-19 13:46:04.032775+00,f,
227,621,Разходи за лихви,EXPENSE,6,,1,f,NONE,t,f,1,2025-10-19 13:46:04.032775+00,2025-10-19 13:46:04.032775+00,f,
228,622,Разходи за провизиране на рискови активи,EXPENSE,6,,1,f,NONE,t,f,1,2025-10-19 13:46:04.032775+00,2025-10-19 13:46:04.032775+00,f,
229,623,Разходи по операции с финансови активи и инструменти,EXPENSE,6,,1,f,NONE,t,f,1,2025-10-19 13:46:04.032775+00,2025-10-19 13:46:04.032775+00,f,
230,624,Разходи по валутни операции,EXPENSE,6,,1,f,NONE,t,f,1,2025-10-19 13:46:04.032775+00,2025-10-19 13:46:04.032775+00,f,
231,625,Разходи от последващи оценки на финансови активи и инструменти,EXPENSE,6,,1,f,NONE,t,f,1,2025-10-19 13:46:04.032775+00,2025-10-19 13:46:04.032775+00,f,
232,629,Други финансови разходи,EXPENSE,6,,1,f,NONE,t,f,1,2025-10-19 13:46:04.032775+00,2025-10-19 13:46:04.032775+00,f,
233,651,Нефинансови разходи за бъдещи периоди,EXPENSE,6,,1,f,NONE,t,f,1,2025-10-19 13:46:04.032775+00,2025-10-19 13:46:04.032775+00,f,
234,652,Финансови разходи за бъдещи периоди,EXPENSE,6,,1,f,NONE,t,f,1,2025-10-19 13:46:04.032775+00,2025-10-19 13:46:04.032775+00,f,
235,691,Отписани вземания,EXPENSE,6,,1,f,NONE,t,f,1,2025-10-19 13:46:04.032775+00,2025-10-19 13:46:04.032775+00,f,
236,692,Разходи за глоби и неустойки,EXPENSE,6,,1,f,NONE,t,f,1,2025-10-19 13:46:04.032775+00,2025-10-19 13:46:04.032775+00,f,
237,699,Други извънредни разходи,EXPENSE,6,,1,f,NONE,t,f,1,2025-10-19 13:46:04.032775+00,2025-10-19 13:46:04.032775+00,f,
238,701,Приходи от продажба на продукция,REVENUE,7,,1,t,OUTPUT,t,f,1,2025-10-19 13:46:04.032775+00,2025-10-19 13:46:04.032775+00,f,
239,702,Приходи от продажба на стоки,REVENUE,7,,1,t,OUTPUT,t,f,1,2025-10-19 13:46:04.032775+00,2025-10-19 13:46:04.032775+00,f,
240,703,Приходи от продажба на услуги,REVENUE,7,,1,t,OUTPUT,t,f,1,2025-10-19 13:46:04.032775+00,2025-10-19 13:46:04.032775+00,f,
241,705,Приходи от продажби на дълготрайни активи,REVENUE,7,,1,f,NONE,t,f,1,2025-10-19 13:46:04.032775+00,2025-10-19 13:46:04.032775+00,f,
242,709,Други приходи,REVENUE,7,,1,f,NONE,t,f,1,2025-10-19 13:46:04.032775+00,2025-10-19 13:46:04.032775+00,f,
243,711,Приходи от регламентиране дейност,REVENUE,7,,1,f,NONE,t,f,1,2025-10-19 13:46:04.032775+00,2025-10-19 13:46:04.032775+00,f,
244,712,Приходи от членски внос,REVENUE,7,,1,f,NONE,t,f,1,2025-10-19 13:46:04.032775+00,2025-10-19 13:46:04.032775+00,f,
245,713,Приходи от дарения,REVENUE,7,,1,f,NONE,t,f,1,2025-10-19 13:46:04.032775+00,2025-10-19 13:46:04.032775+00,f,
246,714,Приходи от субсидии,REVENUE,7,,1,f,NONE,t,f,1,2025-10-19 13:46:04.032775+00,2025-10-19 13:46:04.032775+00,f,
247,719,Други приходи,REVENUE,7,,1,f,NONE,t,f,1,2025-10-19 13:46:04.032775+00,2025-10-19 13:46:04.032775+00,f,
248,721,Приходи от лихви,REVENUE,7,,1,f,NONE,t,f,1,2025-10-19 13:46:04.032775+00,2025-10-19 13:46:04.032775+00,f,
249,722,Приходи от дялово участие,REVENUE,7,,1,f,NONE,t,f,1,2025-10-19 13:46:04.032775+00,2025-10-19 13:46:04.032775+00,f,
250,723,Приходи от операции с финансови активи и инструменти,REVENUE,7,,1,f,NONE,t,f,1,2025-10-19 13:46:04.032775+00,2025-10-19 13:46:04.032775+00,f,
251,724,Приходи от валутни операции,REVENUE,7,,1,f,NONE,t,f,1,2025-10-19 13:46:04.032775+00,2025-10-19 13:46:04.032775+00,f,
252,725,Приходи от последващи оценки на финансови активи и инструменти,REVENUE,7,,1,f,NONE,t,f,1,2025-10-19 13:46:04.032775+00,2025-10-19 13:46:04.032775+00,f,
253,726,Приходи от реинтегрирани провизии,REVENUE,7,,1,f,NONE,t,f,1,2025-10-19 13:46:04.032775+00,2025-10-19 13:46:04.032775+00,f,
254,729,Други финансови приходи,REVENUE,7,,1,f,NONE,t,f,1,2025-10-19 13:46:04.032775+00,2025-10-19 13:46:04.032775+00,f,
255,751,Нефинансови приходи за бъдещи периоди,REVENUE,7,,1,f,NONE,t,f,1,2025-10-19 13:46:04.032775+00,2025-10-19 13:46:04.032775+00,f,
256,752,Финансови приходи за бъдещи периоди,REVENUE,7,,1,f,NONE,t,f,1,2025-10-19 13:46:04.032775+00,2025-10-19 13:46:04.032775+00,f,
257,753,Финансиране за дълготрайни активи,REVENUE,7,,1,f,NONE,t,f,1,2025-10-19 13:46:04.032775+00,2025-10-19 13:46:04.032775+00,f,
258,754,Финансиране на текущата дейност,REVENUE,7,,1,f,NONE,t,f,1,2025-10-19 13:46:04.032775+00,2025-10-19 13:46:04.032775+00,f,
259,791,Отписани задължения,REVENUE,7,,1,f,NONE,t,f,1,2025-10-19 13:46:04.032775+00,2025-10-19 13:46:04.032775+00,f,
260,792,Приходи от глоби и неустойки,REVENUE,7,,1,f,NONE,t,f,1,2025-10-19 13:46:04.032775+00,2025-10-19 13:46:04.032775+00,f,
261,799,Други извънредни приходи,REVENUE,7,,1,f,NONE,t,f,1,2025-10-19 13:46:04.032775+00,2025-10-19 13:46:04.032775+00,f,
